{"Fid":"cyph131VTruR0i2qqjhecp","Status":3,"AuthToken":"eyJhbGciOiJFUzI1NiIsInR5cCI6IkpXVCJ9.eyJhcHBJZCI6IjE6ODUwMjIwMDM3MDgxOmFuZHJvaWQ6YjgyMDdhYzQwNzViNWUxMTI3NWZjOCIsImV4cCI6MTc2MTIyODA4MiwiZmlkIjoiY3lwaDEzMVZUcnVSMGkycXFqaGVjcCIsInByb2plY3ROdW1iZXIiOjg1MDIyMDAzNzA4MX0.AB2LPV8wRQIgFnIM7mdQgFUyRV7WfgndOXTXweM7i9rmCpdFBR_UbEUCIQDzo2SVlNvaqL8LO7RT11SENYknASL2MB_wrwXAhwl1Hg","RefreshToken":"3_AS3qfwKNQx4V5n_otPB-_La5Iy2ZygeBKw5aSJPQiJebB34bfsPWICUyKG1dudlXWjGJftpvaVS8M5HSli0uNCGs_Sj_m5miANeAf8RnYNQN8A","TokenCreationEpochInSecs":1760623282,"ExpiresInSecs":604800}