{"Fid":"cGJmPz14Q4SkZL4yUB_5GF","Status":3,"AuthToken":"eyJhbGciOiJFUzI1NiIsInR5cCI6IkpXVCJ9.eyJhcHBJZCI6IjE6ODUwMjIwMDM3MDgxOmFuZHJvaWQ6YjgyMDdhYzQwNzViNWUxMTI3NWZjOCIsImV4cCI6MTc2MTIwOTQ0OCwiZmlkIjoiY0dKbVB6MTRRNFNrWkw0eVVCXzVHRiIsInByb2plY3ROdW1iZXIiOjg1MDIyMDAzNzA4MX0.AB2LPV8wRQIhAMYm5USLvRNLF277QFmfXMEimkMA0J4LhUCQs2n_X__UAiB7IwIf0WUyGwq6gO7n8w8b0S4XKCsoCzS61NCQ1bR_Xw","RefreshToken":"3_AS3qfwKs2BIMdZk8o2QrgWQR9SbVVxiqy23fSAnunWLGwMba_Zq1g7PmW2flnxQvTvQFJT5Z-JQuNsp_l07l-srELl_ynLMdJeqnmyNhbi1RvGE","TokenCreationEpochInSecs":1760604648,"ExpiresInSecs":604800}