{"Fid":"cKaM1yCCS_SLLn2TVGEgBi","Status":3,"AuthToken":"eyJhbGciOiJFUzI1NiIsInR5cCI6IkpXVCJ9.eyJhcHBJZCI6IjE6ODUwMjIwMDM3MDgxOmFuZHJvaWQ6YjgyMDdhYzQwNzViNWUxMTI3NWZjOCIsImV4cCI6MTc2MTM5OTY1OSwiZmlkIjoiY0thTTF5Q0NTX1NMTG4yVFZHRWdCaSIsInByb2plY3ROdW1iZXIiOjg1MDIyMDAzNzA4MX0.AB2LPV8wRAIgbgm6YJA8rU8YspJxoLmRELRbpjdZU9iZCMflLlLIX9ECIBM-i--rcxinW6d5nLUY9wqtqqEIQl6EwDxoLU6XeF6j","RefreshToken":"3_AS3qfwKBEp1x7a4sWKoLikmSf8C2GLT7u6_5U5aWla5ELcQiIijljzRUI1nC5BoBQvzorqMrydJ265OQFi4ppWqtLP7IQh6msoJ73BxwzRKXOw","TokenCreationEpochInSecs":1760794859,"ExpiresInSecs":604800}