{"Fid":"dCMv5leGQNG0_k8xbHZdCc","Status":3,"AuthToken":"eyJhbGciOiJFUzI1NiIsInR5cCI6IkpXVCJ9.eyJhcHBJZCI6IjE6ODUwMjIwMDM3MDgxOmFuZHJvaWQ6YjgyMDdhYzQwNzViNWUxMTI3NWZjOCIsImV4cCI6MTc2MDg2NDE2OCwiZmlkIjoiZENNdjVsZUdRTkcwX2s4eGJIWmRDYyIsInByb2plY3ROdW1iZXIiOjg1MDIyMDAzNzA4MX0.AB2LPV8wRQIhAK0x7rhx0dZJXRWEpvUG8dRglgfqeymkeTz7FegDC2UMAiBH81oe1Ae1w_a-3u-qrgE-pPPGQhSUsrLw2QPEtEU83w","RefreshToken":"3_AS3qfwL8-Lfae-snqKEkxulNRoZb4vHCM9mkutClbVYJ2dnzdWrvyynpzkegdVSCZbD9JdWkI2r-dPqjUMt96xC0XGH2bVnXtySG_KtgUOeRhns","TokenCreationEpochInSecs":1760259368,"ExpiresInSecs":604800}