{"Fid":"e4_wcwGMT5CcPWaLrj8iUd","Status":3,"AuthToken":"eyJhbGciOiJFUzI1NiIsInR5cCI6IkpXVCJ9.eyJhcHBJZCI6IjE6ODUwMjIwMDM3MDgxOmFuZHJvaWQ6YjgyMDdhYzQwNzViNWUxMTI3NWZjOCIsImV4cCI6MTc2MDk2NzAyOCwiZmlkIjoiZTRfd2N3R01UNUNjUFdhTHJqOGlVZCIsInByb2plY3ROdW1iZXIiOjg1MDIyMDAzNzA4MX0.AB2LPV8wRAIgY8LDzwQUZr-3g82iwgYW_QMbRrMSu2e0hU1epeYBdW0CIFsmEF7sxqNt6czWX1glqVOdpxjWeVEpPsBTvfoUKZa5","RefreshToken":"3_AS3qfwJfg8YCEf0wAwTDZTvH4AY3n5MDOyNuLKPasQeEGDZ3htwm6Vvi5pCqh7nzQKDmEeVLzGchciDEaERzNq-PPFxtyTlBap6Qtjd28UFAcA","TokenCreationEpochInSecs":1760362228,"ExpiresInSecs":604800}